{
  "name": "pf2e-sheet-basic-actions",
  "title": "PF2e Character Sheet Basic Actions",
  "description": "It puts the basic actions on the sheet",
  "version": "0.1.0",
  "author": "Thomas Cook",
  "minimumCoreVersion": "0.8.9",
  "compatibleCoreVersion": "9",
  "esmodules": ["module/sheet-basic-actions.js"],
  "languages": [
    {
      "lang": "en",
      "name": "English",
      "path": "lang/en.json"
    }
  ],
  "url": "https://github.com/thomascookandroid/pf2e-sheet-basic-actions",
  "manifest": "https://github.com/thomascookandroid/pf2e-sheet-basic-actions/blob/main/module.json",
  "download": "https://github.com/thomascookandroid/pf2e-sheet-basic-actions/blob/main/releases/module.zip",
  "system": ["pf2e"]
}
